N_Particulas,BF_Narrow,SAP_Broad,SAP_Narrow,SH_CPU_Broad,SH_CPU_Narrow,SH_GPU_Broad,SH_GPU_Narrow
10000,53.2863,0.6013,0.4569,0.1078,0.2758,0.58112,0.04096
20000,155.088,1.0179,1.2799,0.1999,0.6251,0.110624,0.012288
40000,444.306,2.0984,3.164,0.3743,1.6075,0.13504,0.02048
50000,908.967,2.0415,7.1805,0.4839,2.5353,0.133152,0.024576
70000,1530.3,3.2449,5.9111,0.6275,3.9958,0.137952,0.039936
90000,2779.03,3.1605,7.6389,0.8605,6.067,0.13792,0.058432
100000,3980.44,2.8267,8.3939,1.012,7.0884,0.735488,0.472064
