N_Particulas,BruteForce_ms,SweepAndPrune_ms,SpatialHashingCPU_ms,SpatialHashingGPU_ms
10000,44.067,1.0511,0.427,0.63728
20000,128.944,3.2273,1.1559,0.30448
40000,363.445,5.3056,2.0328,0.432096
50000,773.948,5.8898,2.7591,0.429952
70000,1310.16,9.0705,4.727,0.566272
90000,2318.8,10.7845,10.3724,0.65056
100000,3284.27,15.3034,7.8324,2.2057
